{"cameraMode":{"drawMode":0,"name":"Shaded","section":"Shading Mode"},"sceneLighting":false,"audioPlay":false,"sceneViewState":{"showFog":false,"showMaterialUpdate":false,"showSkybox":false,"showFlares":false,"showImageEffects":false,"showParticleSystems":false},"in2DMode":false,"pivot":{"x":-1.6599998474121094,"y":1.4920001029968262,"z":9.893499374389649},"rotation":{"x":-0.02529851719737053,"y":0.12473699450492859,"z":0.003181715961545706,"w":0.9918715953826904},"size":5.24622106552124,"orthographic":true}