{"cameraMode":{"drawMode":0,"name":"Shaded","section":"Shading Mode"},"sceneLighting":true,"audioPlay":false,"sceneViewState":{"showFog":false,"showMaterialUpdate":false,"showSkybox":false,"showFlares":false,"showImageEffects":false,"showParticleSystems":false},"in2DMode":false,"pivot":{"x":583.0551147460938,"y":290.7875061035156,"z":-175.3673095703125},"rotation":{"x":-0.16366411745548249,"y":0.7588499784469605,"z":-0.20878827571868897,"w":-0.594809889793396},"size":222.97299194335938,"orthographic":false}