{"cameraMode":{"drawMode":0,"name":"Shaded","section":"Shading Mode"},"sceneLighting":true,"audioPlay":false,"sceneViewState":{"showFog":false,"showMaterialUpdate":false,"showSkybox":false,"showFlares":false,"showImageEffects":false,"showParticleSystems":false},"in2DMode":false,"pivot":{"x":-33.93320846557617,"y":0.7359715104103088,"z":20.841552734375},"rotation":{"x":-0.0014395995531231166,"y":0.9985539317131043,"z":0.03446381911635399,"w":0.0416586734354496},"size":6.927177429199219,"orthographic":false}