{"cameraMode":{"drawMode":0,"name":"Shaded","section":"Shading Mode"},"sceneLighting":true,"audioPlay":false,"sceneViewState":{"showFog":false,"showMaterialUpdate":false,"showSkybox":false,"showFlares":false,"showImageEffects":false,"showParticleSystems":false},"in2DMode":false,"pivot":{"x":-1.1617627143859864,"y":-0.9888292551040649,"z":-12.53336238861084},"rotation":{"x":0.1667163223028183,"y":-0.8332693576812744,"z":0.3796158730983734,"w":0.3658200800418854},"size":53.19727325439453,"orthographic":false}