{"cameraMode":{"drawMode":0,"name":"Shaded","section":"Shading Mode"},"sceneLighting":false,"audioPlay":false,"sceneViewState":{"showFog":false,"showMaterialUpdate":false,"showSkybox":false,"showFlares":false,"showImageEffects":false,"showParticleSystems":false},"in2DMode":false,"pivot":{"x":1.7793534994125367,"y":-6.161692142486572,"z":22.081966400146486},"rotation":{"x":0.18713410198688508,"y":0.08740095794200897,"z":-0.016727592796087266,"w":0.9783154129981995},"size":14.353389739990235,"orthographic":true}