{"cameraMode":{"drawMode":0,"name":"Shaded","section":"Shading Mode"},"sceneLighting":true,"audioPlay":false,"sceneViewState":{"showFog":false,"showMaterialUpdate":false,"showSkybox":false,"showFlares":false,"showImageEffects":false,"showParticleSystems":false},"in2DMode":false,"pivot":{"x":5.482954025268555,"y":11.440147399902344,"z":2.736834764480591},"rotation":{"x":0.11913546919822693,"y":-0.0975349172949791,"z":0.011749181896448136,"w":0.9880154132843018},"size":45.75809860229492,"orthographic":true}