{"cameraMode":{"drawMode":0,"name":"Shaded","section":"Shading Mode"},"sceneLighting":false,"audioPlay":false,"sceneViewState":{"showFog":false,"showMaterialUpdate":false,"showSkybox":false,"showFlares":false,"showImageEffects":false,"showParticleSystems":false},"in2DMode":false,"pivot":{"x":-1.6599998474121094,"y":1.4920001029968262,"z":9.893499374389649},"rotation":{"x":0.04795694723725319,"y":0.03206082060933113,"z":-0.0015475702239200473,"w":0.9983457326889038},"size":5.24622106552124,"orthographic":true}