{"cameraMode":{"drawMode":0,"name":"Shaded","section":"Shading Mode"},"sceneLighting":true,"audioPlay":false,"sceneViewState":{"showFog":false,"showMaterialUpdate":false,"showSkybox":false,"showFlares":false,"showImageEffects":false,"showParticleSystems":false},"in2DMode":false,"pivot":{"x":-1.249077320098877,"y":-5.190040588378906,"z":-31.39932632446289},"rotation":{"x":0.003602128941565752,"y":0.9656251072883606,"z":-0.25977692008018496,"w":0.013650404289364815},"size":127.37628936767578,"orthographic":false}