{"cameraMode":{"drawMode":0,"name":"Shaded","section":"Shading Mode"},"sceneLighting":true,"audioPlay":false,"sceneViewState":{"showFog":false,"showMaterialUpdate":false,"showSkybox":false,"showFlares":false,"showImageEffects":false,"showParticleSystems":false},"in2DMode":false,"pivot":{"x":3.251420021057129,"y":0.41329243779182436,"z":-27.281429290771486},"rotation":{"x":0.10841672867536545,"y":-0.8586405515670776,"z":0.20331048965454102,"w":0.457876592874527},"size":57.69052505493164,"orthographic":true}