{"cameraMode":{"drawMode":0,"name":"Shaded","section":"Shading Mode"},"sceneLighting":true,"audioPlay":false,"sceneViewState":{"showFog":false,"showMaterialUpdate":false,"showSkybox":false,"showFlares":false,"showImageEffects":false,"showParticleSystems":false},"in2DMode":false,"pivot":{"x":10.064270973205567,"y":-1.864671230316162,"z":-1.0103485584259034},"rotation":{"x":-0.3505381643772125,"y":-0.529872477054596,"z":0.25478461384773257,"w":-0.7290196418762207},"size":1.6500966548919678,"orthographic":false}