{"cameraMode":{"drawMode":0,"name":"Shaded","section":"Shading Mode"},"sceneLighting":true,"audioPlay":false,"sceneViewState":{"showFog":false,"showMaterialUpdate":false,"showSkybox":false,"showFlares":false,"showImageEffects":false,"showParticleSystems":false},"in2DMode":false,"pivot":{"x":18.37281036376953,"y":25.85442543029785,"z":-1.1520947217941285},"rotation":{"x":-0.01958143524825573,"y":0.8936498761177063,"z":-0.44666001200675967,"w":-0.03917006030678749},"size":6.39544677734375,"orthographic":false}