{"cameraMode":{"drawMode":0,"name":"Shaded","section":"Shading Mode"},"sceneLighting":false,"audioPlay":false,"sceneViewState":{"showFog":false,"showMaterialUpdate":false,"showSkybox":false,"showFlares":false,"showImageEffects":false,"showParticleSystems":false},"in2DMode":false,"pivot":{"x":-1.6558841466903687,"y":2.156555652618408,"z":9.95736026763916},"rotation":{"x":0.11820289492607117,"y":0.45556604862213137,"z":-0.06119711324572563,"w":0.8802087903022766},"size":5.471199035644531,"orthographic":true}